id;first_name;middle_name;last_name;email;username;password;sex;telephone_number;date_of_birth;age;company_email;national_identity_card_number;national_identification_number;passport_number;bank_account;nationality;address street;address street_number;address apartment_number;address postal_code;address city;address address_line1;address address_line2;company name;company domain;company email;company vat_identification_number;credit_card card_vendor;credit_card expiration_date;credit_card number;credit_card cvv
"6tfS8mgQsJCNrbpY1I1kL3";"Isabella";"";"Myers";"isabella.myers@gmail.com";"isabellam";"F9G3bHpR";"FEMALE";"672-810-283";"1988-08-19";30.0;"isabella.myers@quicklink.biz";"787-04-2632";"";"nyfY8kyy4";;"AU";"Stillwell Avenue";"155";"";"87428";"New York";"155 Stillwell Avenue";"New York 87428";"QuickLink";"quicklink.biz";"office@quicklink.biz";"64-0008847";"Visa";"07/20";"4594939376863406";"452"
"42Cdr4tR7rd6NqiFk0YYC9";"Bryson";"Alex";"Phillips";"bryson.phillips@gmail.com";"brysonp";"MR78MV3s";"MALE";"915-860-8939";"1995-08-16";23.0;"bryson.phillips@kleinconsulting.eu";"072-43-5354";"";"pyUNr7Wk0";"GB80IJPW71015815516364";"GB";"Aster Court";"8";"";"33789";"Washington";"8 Aster Court";"Washington 33789";"Klein Consulting";"kleinconsulting.eu";"info@kleinconsulting.eu";"94-0001661";"Visa";"07/20";"4663121978534711";"242"
"6HABWUWDFV6wR2G5oeCo6Y";"Madeleine";"";"Schneider";"madeleine.schneider@yahoo.com";"madeleines";"YqYGJpoP";"FEMALE";"0219112247";"1961-08-02";57.0;"madeleine.schneider@solucom.org";"12271031-B";"";"nil6xW2sO";"FR3751553571751X5HOP03L5836";"FR";"Grande Rue";"134";"23";"05757";"Pantin";"Grande Rue, 134 23";"05757 Pantin";"Solucom";"solucom.org";"info@solucom.org";"H9421830T";"Visa";"03/21";"4828769939773851";"332"
"3XHIsggjNwDcUQHW3Xz2oZ";"Alcée";"";"Prevost";"alcee.prevost@yahoo.fr";"aprevost";"i2MYFGbV";"MALE";"0593562803";"1981-02-14";38.0;"alcee.prevost@siisas.gouv.fr";"97876815-A";"";"ygO5xjnjR";"FR4783217161953PWWDRFBEJL80";"FR";"Rue des Jardins";"73";"";"57912";"Nice";"Rue des Jardins, 73";"57912 Nice";"Sii SAS";"siisas.gouv.fr";"direction@siisas.gouv.fr";"F7252014Z";"Visa";"12/19";"4071765161251420";"958"
"7KdK6wBymkJWVUN7oOF0qF";"Antonio";"";"Pena";"pena@gmail.com";"apena";"spy7VzzC";"MALE";"+34 96-509-8725";"1964-03-05";54.0;"antonio.pena@cattechs.l.cat";"49354762-D";"";"eIjgOM0px";"ES2511937341187318683264";"ES";"San Jose";"72";"36";"02.324";"Móstoles";"San Jose, 72 36";"02.324 Móstoles";"CatTech S.L.";"cattechs.l.cat";"ventas@cattechs.l.cat";"M6598946Z";"Visa";"10/19";"4617813446035142";"076"
"408b2RalD0ZGl8SdCzbCCH";"Wiktor";"";"Janicki";"janicki@gmail.com";"wjanicki";"mJSDncEW";"MALE";"+48147982063";"1970-06-28";48.0;"wiktor.janicki@terson.com";"AIR144321";"70062827952";"IH9535524";"PL17730654859324361460189889";"PL";"Brunona Kicińskiego";"188";"";"88-357";"Bęczyn";"Brunona Kicińskiego 188";"88-357 Bęczyn";"Terson";"terson.com";"office@terson.com";"9636952736";"Visa";"11/21";"4653017935699534";"060"
"4GCh5cHdpxgWmrUPE56yVl";"Björnsdotter";"Ruth";"Malling";"bjornsdotter.malling@passagen.se";"bjornsdotterm";"8pY3ZogX";"FEMALE";"08-301 992 49";"1994-03-20";24.0;"bjornsdotter.malling@billerudkorsnasab.nu";"97097699";"940320-5843";"76918600";"SE6511270687210009501585";"SE";"Drakenbergsgatan";"156";"";"214 17";"Visby";"Drakenbergsgatan 156";"214 17 Visby";"BillerudKorsnäs AB";"billerudkorsnasab.nu";"support@billerudkorsnasab.nu";"SE730324307001";"Visa";"07/21";"4998252279425238";"212"
"7YLCvdJUoHV2kAALhHj2qq";"Ingetrud";"";"Lieb";"lieb@t-online.de";"ingetrudl";"tPTL3NvH";"FEMALE";"0802339123";"1965-12-31";53.0;"ingetrud.lieb@bundesfinanzdirektionmitte.org";"Y30945440";"";"H39684170";"DE25676920704132610877";"DE";"Up de Rieth";"16";"";"81401";"Gilserberg-Schönstein";"Up de Rieth 16";"81401 Gilserberg-Schönstein";"Bundesfinanzdirektion Mitte";"bundesfinanzdirektionmitte.org";"contact@bundesfinanzdirektionmitte.org";"193399960";"Visa";"04/20";"4572910199710336";"151"
"6cfvDQkUw6V9jKLXcW4mGB";"Sylvestre";"Audouin";"Andre";"sylvestre.andre@yahoo.fr";"sandre";"fyZS7ubI";"MALE";"0591826290";"1972-12-13";46.0;"sylvestre.andre@belvederesarl.com";"53615990-W";"";"JGBSiW4U8";"FR5446354989476Q1UVHBDNUH97";"FR";"Rue Principale";"103";"";"04307";"Bordeaux";"Rue Principale, 103";"04307 Bordeaux";"Belvédère SARL";"belvederesarl.com";"info@belvederesarl.com";"A5248231R";"Visa";"07/21";"4916058975738264";"525"
"4DgBRAok11s7UbAry0ZTyH";"Madeleine";"";"Combe";"madeleinecombe@orange.fr";"madeleinec";"udvU0Fa2";"FEMALE";"0899618109";"1979-09-11";39.0;"madeleine.combe@ige+xaosa.net";"33507153-A";"";"MiJv9Al0M";"FR6025154392312M4RFJVALW319";"CA";"Rue du Château";"192";"44";"42297";"Colombes";"Rue du Château, 192 44";"42297 Colombes";"Ige + Xao SA";"ige+xaosa.net";"mail@ige+xaosa.net";"W5416035D";"Visa";"10/19";"4973272552686578";"197"
"2xRHmKIO2FoT1qJNvZFIkW";"Staffan";"Bo";"Svensson Rosendahl";"staffan.svensson.rosendahl@spray.se";"ssvensson rosendahl";"evGXB3dc";"MALE";"0607-28 86 41";"1976-12-15";42.0;"staffan.svensson.rosendahl@electroluxab.se";"29539714";"761215-2756";"33228170";"SE4014457369646783866769";"SE";"Olof Palmes Gata";"129";"";"930 63";"Arvika";"Olof Palmes Gata 129";"930 63 Arvika";"Electrolux AB";"electroluxab.se";"kontakt@electroluxab.se";"SE982753468701";"Visa";"05/19";"4476998014022372";"337"
"55De5RPjlr9OXCyn2gJccu";"Xiaodong";"Isac";"Pettersson Ohlander";"xiaodongpetterssonohlander@passagen.se";"xiaodongp";"bt5yF1u2";"MALE";"013-64 19 48";"1978-10-14";40.0;"xiaodong.pettersson.ohlander@astrazeneca.com";"76398409";"781014-9679";"17262684";"SE8682405506827502836054";"SE";"Hudiksvallsgatan";"132";"";"229 58";"Västerås";"Hudiksvallsgatan 132";"229 58 Västerås";"Astrazeneca";"astrazeneca.com";"info@astrazeneca.com";"SE480225524201";"Visa";"11/19";"4188307697266703";"210"
"5wOCET7s0hEpGzjfpixFNA";"Dominik";"";"Król";"krol@poczta.onet.pl";"dominikk";"ln3kMY7e";"MALE";"+48079583710";"1953-03-04";65.0;"dominik.krol@warst.com";"BHZ607060";"53030438479";"OM9115381";"PL75105786816668196816797022";"PL";"Aleja Księcia Józefa Poniatowskiego";"134";"";"31-162";"Bielany";"Aleja Księcia Józefa Poniatowskiego 134";"31-162 Bielany";"Warst";"warst.com";"contact@warst.com";"1166719894";"Visa";"08/19";"4203040862111724";"211"
"3ISGc2If2QOeRtsgyX0sGH";"Gwenaëlle";"Natalie";"Armand";"gwenaellearmand@yahoo.com";"gwenaellea";"NGKetXxD";"FEMALE";"0557202826";"1989-04-30";29.0;"gwenaelle.armand@psbindustrieseurl.com";"02697057-Y";"";"zfk6CIUR8";"FR723409478681LBNDKZMN2J556";"CA";"Rue de la Gare";"156";"";"89248";"Houilles";"Rue de la Gare, 156";"89248 Houilles";"PSB Industries EURL";"psbindustrieseurl.com";"info@psbindustrieseurl.com";"C8721100R";"Visa";"04/20";"4235169463305807";"232"
"68hU4sfOJUJNoKLCYhvhVC";"Ozzy";"Walter";"Wilckens";"ozzywilckens@spray.se";"ozzyw";"cQfD36t4";"MALE";"073-282 27 61";"1996-10-08";22.0;"ozzy.wilckens@meda.nu";"50414382";"961008-2993";"76755692";"SE4438725654023163563639";"SE";"Pålsundsparken";"70";"";"759 87";"Torget";"Pålsundsparken 70";"759 87 Torget";"Meda";"meda.nu";"kontakt@meda.nu";"SE651020578101";"Visa";"09/20";"4858531446158361";"948"
"3KUkV7I1krc7bxr6YsjZbt";"Sarah";"Gianna";"Morrow";"morrow@mail.com";"smorrow";"8iNbho8R";"FEMALE";"085-362-0535";"1978-06-10";40.0;"sarah.morrow@warst.com";"494-93-9821";"";"JcY5P82Tg";"GB86DWUC92853535579495";"CA";"Summer Place";"125";"";"88604";"Miami";"125 Summer Place";"Miami 88604";"Warst";"warst.com";"contact@warst.com";"40-0007992";"Visa";"02/20";"4880334390622561";"809"
"2luXBZGXPrm7S0vTAxyipe";"Yaser";"";"von Knorre";"yaser.von.knorre@hotmail.se";"yaserv";"1GC3W3dl";"MALE";"08-543 72 65";"1996-04-22";22.0;"yaser.von.knorre@folksamgruppen.se";"62002401";"960422-7133";"57309993";"SE1695782730924307527010";"SE";"Pelikansgränd";"114";"";"071 99";"Skanör med Falsterbo";"Pelikansgränd 114";"071 99 Skanör med Falsterbo";"Folksamgruppen";"folksamgruppen.se";"kontakt@folksamgruppen.se";"SE981113352001";"Visa";"07/20";"4294977794718623";"943"
"30UBbzNE4YxEdEyNbGcj7b";"Małgorzata";"Alicja";"Siedlecka";"malgorzata.siedlecka@yahoo.com";"msiedlecka";"kZXsykZH";"FEMALE";"+48566559911";"1963-04-10";55.0;"malgorzata.siedlecka@quisucinc.eu";"AZD725516";"63041076340";"RE4815311";"PL54836921702767492411490165";"PL";"Zaułek";"32";"89";"41-866";"Ustka";"Zaułek 32, 89";"41-866 Ustka";"Quisuc Inc.";"quisucinc.eu";"contact@quisucinc.eu";"5372603329";"Visa";"11/19";"4285661402894999";"594"
"6cgnkAMYB1rxSDqDflU061";"Chase";"Aiden";"Morton";"chase.morton@gmail.com";"cmorton";"11d94OYE";"MALE";"373-873-579";"1978-12-18";40.0;"chase.morton@quicklinkllc.com";"628-20-2571";"";"hOpN5FSL5";;"US";"Washington Walk";"93";"80";"80834";"Washington";"93 Washington Walk APT 80";"Washington 80834";"QuickLink LLC";"quicklinkllc.com";"info@quicklinkllc.com";"68-0003353";"Visa";"07/19";"4427521045799493";"895"
"2t5MuareeQPY76Ugk5dGst";"碧琪";"";"张";"碧琪张@sina.com";"碧琪张";"ssF1gs9Y";"FEMALE";"38426300";"1994-10-26";24.0;"碧琪.张@56fe532079.cn";"312612201302185132";"";"XIUxh1wwF";;"CN";"人民路";"37";"";"789531";"长沙";"长沙市人民路37号";"邮编 789531";"图匠 科技有限公司";"56FE532079.cn";"org@56FE532079.cn";"150512E2RWOX6LS";"Visa";"01/22";"4224503809156297";"862"
"5OBexuuCVOvp61RdTTffvv";"Miguel";"";"Ortega";"miguelortega@ono.es";"miguelo";"aZ2qQCv5";"MALE";"+34 655-467-538";"1995-02-10";24.0;"miguel.ortega@progresoeinnovacion.eu";"95555171-O";"";"ys7macpNb";"ES1544237635245513611403";"ES";"Doctor Esquerdo";"96";"";"03.912";"Leganés";"Doctor Esquerdo, 96";"03.912 Leganés";"Progreso e Innovación";"progresoeinnovacion.eu";"ventas@progresoeinnovacion.eu";"Y3912418H";"Visa";"11/20";"4262104363402830";"751"
"4rNKjnDiDrPdkFQuWrI0Ca";"Dorian";"Arthaud";"Perret";"dorian.perret@hotmail.fr";"dperret";"U0ZrLhGI";"MALE";"0380772783";"1964-08-27";54.0;"dorian.perret@stefsa.net";"83381179-L";"";"ZYNaBuSJ2";;"CA";"Rue des Écoles";"113";"";"72642";"Vaulx-en-Velin";"Rue des Écoles, 113";"72642 Vaulx-en-Velin";"Stef SA";"stefsa.net";"info@stefsa.net";"M3465079A";"Visa";"03/19";"4322328169328844";"967"
"66IfVxGh58hS8pyYv6UjG3";"Babett";"Mina";"Bohm";"babettbohm@web.de";"bbohm";"ZjPOFMIW";"FEMALE";"0413821908";"1991-10-07";27.0;"babett.bohm@tischlereibottke.de";"N18416542";"";"K32128682";"DE96716091330987541686";"DE";"Prendener Straße";"99";"";"94556";"Ilmenau-Roda";"Prendener Straße 99";"94556 Ilmenau-Roda";"Tischlerei Böttke";"tischlereibottke.de";"mail@tischlereibottke.de";"259550542";"Visa";"08/21";"4495133392245588";"971"
"4VSFMulGrcgYgTHGjinEvH";"Jannick";"";"Meyer";"jannick.meyer@yahoo.com";"jmeyer";"GIjBNzYX";"MALE";"0110884239";"1966-07-28";52.0;"jannick.meyer@b1baumarktgmbh.eu";"R42365004";"";"F25622035";"DE70344541607761572848";"DE";"Mottenburger Twiete";"137";"";"44301";"St. Blasien";"Mottenburger Twiete 137";"44301 St. Blasien";"B1 Baumarkt GmbH";"b1baumarktgmbh.eu";"contact@b1baumarktgmbh.eu";"057833492";"Visa";"01/21";"4966613938153891";"405"
"3G9UrWwzjMaeYqegxx7wf9";"Liam";"Robert";"Strickland";"liamstrickland@gmail.com";"lstrickland";"thT7DHKl";"MALE";"173-237-220";"1972-12-20";46.0;"liam.strickland@gualasltd.eu";"087-48-6774";"";"HDyDwZpg8";"GB30ROGB78169394970590";"US";"Summer Place";"8";"";"20541";"San Francisco";"8 Summer Place";"San Francisco 20541";"Gualas Ltd";"gualasltd.eu";"info@gualasltd.eu";"33-0007162";"Visa";"01/22";"4136870748590119";"275"
"7MtXTwMIQGBLMtP8LmJlQ4";"Bailey";"";"Gray";"gray@mail.com";"bgray";"YwW3MIvd";"FEMALE";"052-153-656";"1963-11-22";55.0;"bailey.gray@alist.com";"823-91-3859";"";"zNoaFEmWa";;"GB";"Ford Street";"67";"268";"94779";"Washington";"67 Ford Street APT 268";"Washington 94779";"Alist";"alist.com";"company@alist.com";"02-0003890";"Visa";"12/21";"4750734933699074";"375"
"7ZvPPXbHbFq2ljvhTF0aK4";"William";"Benjamin";"Mays";"williammays@mail.com";"williamm";"cBO64C7f";"MALE";"901-119-9895";"1993-12-27";25.0;"william.mays@morsemconsulting.biz";"120-34-9768";"";"bvSsclGKb";"GB90AKRM39227513046174";"AU";"Ford Street";"38";"";"60030";"San Francisco";"38 Ford Street";"San Francisco 60030";"Morsem Consulting";"morsemconsulting.biz";"info@morsemconsulting.biz";"87-0000347";"Visa";"06/20";"4632230867519408";"704"
"6rHTn568NCwIVplbYK483X";"Olivia";"";"Le gall";"legall@free.fr";"ole gall";"uwX6cLSc";"FEMALE";"0480578240";"1954-04-03";64.0;"olivia.le.gall@medasys.org";"46134354-B";"";"EXy5rej2J";;"CA";"Rue de la Gare";"163";"";"15642";"Perpignan";"Rue de la Gare, 163";"15642 Perpignan";"Medasys";"medasys.org";"mail@medasys.org";"U38297339";"Visa";"11/20";"4437496057142403";"832"
"4SdakZLEmhwFwakDwBEZsz";"Sture";"Wolfgang";"Waldemarsson";"sture.waldemarsson@yahoo.com";"sturew";"kpqi63bR";"MALE";"08-46 94 34";"1965-05-09";53.0;"sture.waldemarsson@ahlsellaktiebolag.nu";"11502499";"650509-3655";"92780425";"SE3375155909853253459471";"SE";"Medborgarplatsen";"40";"";"983 08";"Lindesberg";"Medborgarplatsen 40";"983 08 Lindesberg";"Ahlsell Aktiebolag";"ahlsellaktiebolag.nu";"kontakt@ahlsellaktiebolag.nu";"SE670807561601";"Visa";"09/19";"4022762954901105";"943"
"6wp6f50mLB64XI3XnHeZNj";"Love";"";"Lindberg Persson";"love.lindberg.persson@hotmail.se";"llindberg persson";"15xliZ6R";"MALE";"0200-82 98 10";"1964-05-07";54.0;"love.lindberg.persson@abb.se";"67646644";"640507-6511";"07981103";"SE2212496368594869059718";"SE";"Öregrundsgatan";"62";"";"916 26";"Ljungby";"Öregrundsgatan 62";"916 26 Ljungby";"ABB";"abb.se";"info@abb.se";"SE772043078901";"Visa";"09/20";"4855734710851579";"986"
"6ssMxo53Vpa2yebG3r6b8U";"Jo";"";"Dahm";"dahm@gmx.com";"jdahm";"dc1LO6N3";"FEMALE";"0397939153";"1962-12-23";56.0;"jo.dahm@studiodonath.net";"X81950084";"";"G81723306";"DE29145772617751135003";"DE";"Galappmühler Straße";"78";"";"13270";"Schweinfurt";"Galappmühler Straße 78";"13270 Schweinfurt";"Studio Donath";"studiodonath.net";"info@studiodonath.net";"388255028";"Visa";"11/20";"4054622058014109";"213"
"5vlF6AZNGfpqvlkfBjCRv2";"Fanny";"";"Morvan";"morvan@laposte.net";"fannym";"jaGKpwnn";"FEMALE";"0469786577";"1997-12-28";21.0;"fanny.morvan@airfrance.gouv.fr";"48073189-W";"";"kS9vBR32t";"FR6905638912264ZKULKHBN7J65";"FR";"Place de la Mairie";"75";"278";"51159";"Brive-la-Gaillarde";"Place de la Mairie, 75 278";"51159 Brive-la-Gaillarde";"Air France";"airfrance.gouv.fr";"mail@airfrance.gouv.fr";"D9121682Z";"Visa";"07/19";"4892429293898064";"564"
"6fQtUUqaKaFlukJ9izd0so";"Gertrudis";"Christliebe";"Mauer";"gertrudismauer@gmx.com";"gertrudism";"hI009uLC";"FEMALE";"0492781355";"1977-01-21";42.0;"gertrudis.mauer@frankenwein-centrum.org";"X60119737";"";"F05076000";"DE15407029995586424594";"DE";"Forckestraße";"100";"";"30696";"Gundelshofen";"Forckestraße 100";"30696 Gundelshofen";"Frankenwein-Centrum";"frankenwein-centrum.org";"info@frankenwein-centrum.org";"412589507";"Visa";"09/20";"4763418534834158";"280"
"3DYRlllpOggsqvSfDenrkQ";"俊煜";"";"卫";"俊煜.卫@163.com";"俊卫";"ZugGUBtk";"MALE";"969-1580-1724";"1969-09-16";49.0;"俊煜.卫@7f5166134e.net";"122204200801260624";"";"jq479U3Ho";;"CN";"人民路";"181";"106";"031582";"广州";"广州市人民路181号 106房";"邮编 031582";"网易之";"7F5166134E.net";"company@7F5166134E.net";"33231142BH6A5HC";"Visa";"09/20";"4377539551336278";"806"
"2X2hk5dF0EVPbzQzLZ7K0W";"Alejandro";"Adolfo";"Mendez";"alejandro.mendez@yahoo.es";"amendez";"3ikZt644";"MALE";"+34 99-126-3304";"1973-05-18";45.0;"alejandro.mendez@aselesic.es";"96054190-Z";"";"WxMvV6vCi";"ES0798349170809197766597";"ES";"Doctor Esquerdo";"131";"20";"89.537";"San Cugat del Vallés";"Doctor Esquerdo, 131 20";"89.537 San Cugat del Vallés";"Aselesic";"aselesic.es";"atencion@aselesic.es";"Y4783015O";"Visa";"01/22";"4624797927949098";"835"
"32N3uikSHUuqocQCMp5RqC";"Yvette";"";"Carr";"carr@spray.se";"ycarr";"2Sgy16Ev";"FEMALE";"08-237 955 34";"1997-03-04";21.0;"yvette.carr@ikeaaktiebolag.nu";"65710876";"970304-3324";"59629183";"SE1215571839543897267551";"SE";"Torsgatan";"197";"";"396 55";"Trelleborg";"Torsgatan 197";"396 55 Trelleborg";"IKEA Aktiebolag";"ikeaaktiebolag.nu";"kontakt@ikeaaktiebolag.nu";"SE890205136901";"Visa";"07/20";"4965370861940429";"453"
"52gYg6dGFAGteImS1qQB3l";"Alexandra";"Molly";"Velazquez";"alexandra.velazquez@mail.com";"alexandrav";"DpKanXPY";"FEMALE";"464-766-6116";"1969-06-21";49.0;"alexandra.velazquez@hostesllc.eu";"710-76-9646";"";"cY8bG6QvG";;"US";"Washington Walk";"21";"";"68373";"San Francisco";"21 Washington Walk";"San Francisco 68373";"Hostes LLC";"hostesllc.eu";"info@hostesllc.eu";"90-0000867";"Visa";"08/19";"4103736284862320";"715"
"3G3VeBqDN79tICwkYQFxZI";"Älg";"";"Rosenfelth";"algrosenfelth@gmail.com";"arosenfelth";"62wpXvGN";"MALE";"079-139 28 59";"1994-10-25";24.0;"alg.rosenfelth@pfizerconsulting.se";"23267811";"941025-8918";"87116476";"SE8086492386202045441770";"SE";"Norrbackagatan";"41";"";"507 36";"Falun";"Norrbackagatan 41";"507 36 Falun";"Pfizer Consulting";"pfizerconsulting.se";"kontakt@pfizerconsulting.se";"SE341128020301";"Visa";"03/21";"4602671025557747";"212"
"5FkZCLAVcYC2gmOaewOQhh";"Ulrica";"Judit";"La Fleur";"ulricalafleur@spray.se";"ulrical";"VhKfHeBX";"FEMALE";"073-868 31 18";"1966-01-26";53.0;"ulrica.la.fleur@lelundbergforetagenconsulting.com";"44593945";"660126-2063";"85862916";"SE4338459620255017033382";"SE";"Floragatan";"42";"";"456 20";"Södertälje";"Floragatan 42";"456 20 Södertälje";"L E Lundbergföretagen Consulting";"lelundbergforetagenconsulting.com";"support@lelundbergforetagenconsulting.com";"SE599237490901";"Visa";"02/21";"4536057007342723";"677"
"4nshTilvWFxVYLordOwktr";"Edvard";"Bilal";"Hektor";"edvardhektor@yahoo.com";"ehektor";"bZ6dGF7L";"MALE";"073-025 98 97";"1985-12-25";33.0;"edvard.hektor@gambro.se";"24989871";"851225-2134";"52742083";"SE2778243071177964694166";"SE";"Bjurholmsgatan";"142";"";"804 86";"Tranås";"Bjurholmsgatan 142";"804 86 Tranås";"Gambro";"gambro.se";"support@gambro.se";"SE940319826101";"Visa";"11/19";"4044247739786769";"191"
"4p4tbZz0OvDRSrx3k9g4rR";"Autumn";"";"Spence";"autumnspence@yahoo.com";"aspence";"46VdvdCP";"FEMALE";"150-209-581";"1991-05-29";27.0;"autumn.spence@yrsaindustries.eu";"100-50-3210";"";"BCQ20XznH";"GB42TFHI66558196149874";"US";"Stillwell Avenue";"126";"177";"10768";"San Francisco";"126 Stillwell Avenue APT 177";"San Francisco 10768";"Yrsa Industries";"yrsaindustries.eu";"office@yrsaindustries.eu";"50-0007888";"Visa";"11/19";"4037759549805372";"100"
"6254xViqBACgFCSCo2ochG";"Dominika";"";"Serafin";"dominikaserafin@tlen.pl";"dserafin";"6rBWny0m";"FEMALE";"+48234286402";"1992-10-22";26.0;"dominika.serafin@erntogra.com.pl";"AJX832214";"92102231147";"ZL9066649";"PL18878069343464345134115521";"PL";"Dezyderego Adama Chłapowskiego";"127";"";"46-725";"Skaryszew";"Dezyderego Adama Chłapowskiego 127";"46-725 Skaryszew";"Erntogra";"erntogra.com.pl";"company@erntogra.com.pl";"3716222698";"Visa";"07/21";"4508943575081559";"325"
"6bd0Cst2XYB3w7IPOKaC3F";"云帆";"旦冉";"苏";"云帆苏@126.com";"云帆苏";"JWT6M5Qq";"MALE";"93439500165";"1982-03-28";36.0;"云帆.苏@7f5166134e.com";"540711198611236218";"";"SYiw3429k";;"CN";"人民路";"127";"";"733370";"珠海";"珠海市人民路127号";"邮编 733370";"网易之 科技有限公司";"7F5166134E.com";"office@7F5166134E.com";"462904THTZ7KSMF";"Visa";"05/21";"4782965515767374";"677"
"3qKZSQKiuGlMrtGXgsj5y9";"Burkhart";"Raimer";"Hermes";"hermes@t-online.de";"burkharth";"fY5f22V6";"MALE";"0408694282";"1992-01-22";27.0;"burkhart.hermes@max-bahr-baumarktkg.eu";"Y22958328";"";"H44484839";"DE36533323244277680417";"DE";"Hofreuthackerstraße";"31";"";"42882";"Bochum";"Hofreuthackerstraße 31";"42882 Bochum";"Max-Bahr-Baumarkt KG";"max-bahr-baumarktkg.eu";"mail@max-bahr-baumarktkg.eu";"086500366";"Visa";"03/19";"4680945498102016";"104"
"5xd4hIu6Qq6Vp2hI5ur6bN";"Maya";"";"Finch";"mayafinch@mail.com";"mayaf";"rBF68MQs";"FEMALE";"264-356-6585";"1978-04-18";40.0;"maya.finch@erntogra.biz";"865-63-6678";"";"ZsyPZSX2p";;"US";"Atkins Avenue";"22";"";"51034";"Miami";"22 Atkins Avenue";"Miami 51034";"Erntogra";"erntogra.biz";"info@erntogra.biz";"62-0008421";"Visa";"06/21";"4183243095272982";"776"
"4o7uUICZjTjIZ4RP7RYpg7";"Hedda";"";"Krath";"hedda.krath@gmail.com";"hkrath";"gNqztV35";"FEMALE";"014-682 98 84";"1958-06-23";60.0;"hedda.krath@telenor.se";"52614670";"580623-0065";"55705537";"SE9410564166812731737462";"SE";"Stenkullavägen";"134";"";"179 49";"Tidaholm";"Stenkullavägen 134";"179 49 Tidaholm";"Telenor";"telenor.se";"info@telenor.se";"SE668065112901";"Visa";"01/20";"4883817138153292";"020"
"6Pd4OUOZNyFjEX2jlqDFCt";"嘉斌";"";"钱";"嘉斌.钱@qq.com";"嘉斌钱";"DPRYPEGs";"MALE";"63077775";"1969-10-29";49.0;"嘉斌.钱@65708bf465.org";"442609197312055407";"";"8dxaVhhYn";;"CN";"海滨路";"29";"";"557053";"北京";"北京市海滨路29号";"邮编 557053";"数说故事";"65708BF465.org";"com@65708BF465.org";"141107G3QR:83PX";"Visa";"02/20";"4687014568985165";"028"
"5WkSgRqjgJ6BmuULubXo8N";"Jessica";"";"Clerc";"jessica.clerc@gmail.com";"jessicac";"S7IX7qs1";"FEMALE";"0452864775";"1953-07-18";65.0;"jessica.clerc@rentabiliwebgroup.com";"33570452-B";"";"lHUChR4BI";"FR678238289611WROOGHJVIX134";"FR";"Rue Victor-Hugo";"10";"83";"45368";"Martigues";"Rue Victor-Hugo, 10 83";"45368 Martigues";"Rentabiliweb Group";"rentabiliwebgroup.com";"info@rentabiliwebgroup.com";"M3677124G";"Visa";"08/21";"4564198927763088";"107"
"4e51GCNQGUpEwa9EwD5deV";"Rosehilde";"Effi";"Hecker";"rosehilde.hecker@t-online.de";"rosehildeh";"yXvE6gcs";"FEMALE";"0534997766";"1954-06-23";64.0;"rosehilde.hecker@ottiliewegener.de";"P10797457";"";"J56885393";"DE35928024367034513052";"DE";"Sarataweg";"103";"";"26055";"Schüttorf";"Sarataweg 103";"26055 Schüttorf";"Ottilie Wegener";"ottiliewegener.de";"info@ottiliewegener.de";"596838166";"Visa";"12/19";"4181159075123908";"839"
"5t4ZEQCEEqJa385kjWVbNQ";"Randolph";"Thielo";"Ladwig";"randolphladwig@gmx.com";"randolphl";"0cGsvGPI";"MALE";"0537037925";"1995-05-19";23.0;